texto_original,tema_principal,opinion_sobre_psicologia,ha_ido_a_terapia,motivo_ir_terapia,motivo_no_ir_terapia,emocion_principal,intensidad_emocion,actitud_hacia_buscar_ayuda,id_post,subreddit,url,titulo,attitud_hacia_buscar_ayuda
"Fine di una storia

e niente. Non richiedo consigli. Volevo solo comunicare che tra 5 giorni avremmo fatto 10 anni di relazione. Ormai è quasi un anno che abbiamo preso la decisione di comune accordo. Sicuramente dal mio punto di vista sofferta, ma andava fatto. Entrambi frequentiamo altre persone, io alla domanda "" se ci ritorneresti"" risponderei senza esitare di no, ma non nego che ogni tanto mi viene nostalgia nel vedere una nostra foto o anche solo nel risentire una canzone che lei amava cantare. Ormai non mi manca, forse insieme avremmo potuto lavorarci di più, ma doveva andare così. In ogni caso sono contento di aver condiviso gran parte della mia vita con lei",otra,no_menciona,no_se,,,tristeza,2,no_menciona,1patcpm,psicologia,https://www.reddit.com/r/psicologia/comments/1patcpm/fine_di_una_storia/,Fine di una storia,
"Non ne posso più

Ciao a tutti sono una ragazza di 21 anni (F21) che non ne può più di tutto quello che sta passando. 
Quest'anno mi sono successe varie cose che mi hanno fatto stare tanto male e da metà estate ho iniziato a lasciarmi andare piano piano iniziando a trascurare me stessa. Ho iniziato a bere due/tre volte a settimana e la maggior parte delle volte lo faccio fino a stare male. Poi a inizio settembre mi sono fatta volontariamente male, e purtroppo continuo ancora adesso a farlo perché è l'unica cosa che mi dà piacere. Non riesco a stare più di quattro giorni senza farlo. Poi come se non bastasse a metà ottobre mi hanno detto che ho la depressione e là mi è crollato il mondo. 
Hanno chiesto aiuto quando mi sono fatta male perché non ne posso più di stare così tanto male e so che quello che sto facendo non risolve i miei problemi, però in questo momento sto vedendo tutte le mie passioni che stanno svanendo, non mi interessa più niente, non ho nessuna motivazione per andare avanti. Non ho un lavoro, sono ritornata a scuola (faccio il serale) e sento di star buttando via la mia vita perché non so cosa fare e ho paura di fare tutto. 
Più che bisogno di aiuto, avevo bisogno di sfogarmi. Non so se mi sono spiegata e non ho neanche scritto tutto quanto.",diagnostico,positiva,si,"sentirsi male, autolesionismo, depressione, perdita di interesse",,tristeza,5,,1pasgng,psicologia,https://www.reddit.com/r/psicologia/comments/1pasgng/non_ne_posso_più/,Non ne posso più,a_favor
"Sembro matta, ma solo così riesco andare oltre

F44.
Breve riassunto puntate precedenti.
Conosco questo ragazzo 3 anni fa.
Doveva essere una storia tanto per, ma con il tempo ci leghiamo molto, tanto.
Dopo 3 anni, dopo una lite, mi pianta: ""non ho tempo e soldi per una storia. Te l' ho sempre detto"" dove il sempre era 3 anni fa.
Insomma, la prendo male e faccio le solite cose che si fanno in queste situazioni: cerco un chiarimento, m'incavolo, gli vomito addosso la mia frustrazione.
Lui si avvicina, poi si riallontana buttando in mezzo un tradimento che non c'è mai stato.
Un giorno non ne posso più...vado sotto casa e gli chiedo di essere almeno amici. Non parla non si esprime, ma una settimana è da me.
Va bene rivederci a patto di non parlare della questione.
Tutto bene quel che finisce bene? No.
Gli scrivo, risponde, ma su certi argomenti è quasi un tabù (anche solo chiedergli come sta). Lui mi cerca, ma solo se ha bisogno di qualcosa.
E qui inizia il mio sistema per esorcizzare la frustrazione.
Ogni 15 GG gli chiedo se gli va un caffè.
Sempre stessa risposta ""no, grazie, non ci sono"".
Cos' ha da fare non è dato sapere. Non me lo dice mai. 
Perché ogni 15 GG? Perché la settimana che non lo cerco, mi cerca lui.
Perché ha bisogno di qualcosa. Approfittatore? No, perché quello che mi chiede è talmente banale, che anche un bambino dell' asilo potrebbe essergli d'aiuto.
Ma se non c'è una cavolo di scusa, non c'è verso. Non mi scrive manco per sbaglio.
Oggi, gli chiedo pure se gli fa piacere o do fastidio e mi risponde ""no, non dai fastidio"".

Ora, miei cari lettori, vi starete chiedendo perché mi ostino con questo gioco.
Per due motivi:
- mi sto anestetizzando ai suoi no. Se prima era una delusione ora non mi fa più effetto.
Organizzo la mia vita, ma gli mando comunque il messaggio sapendo che non interferisce nei piani.

- mi serve per risolvere una dicotomia verso l' insistenza.
L' ho sempre vista come un invadenza che mettesse a disagio,ma nello stesso tempo mi sono sentita dire per una vita che, se avessi insistito un po' di più, spiegato le mie ragioni, sarei riuscita ad ottenere molto di più.
Invece no, avevo ragione io, solo che la gente non spiega le proprie 


E niente...la mia psicologa ringrazia",otra,positiva,si,"problemas de relación, frustración, gestión emocional",,frustracion,5,a_favor,1par8lm,psicologia,https://www.reddit.com/r/psicologia/comments/1par8lm/sembro_matta_ma_solo_così_riesco_andare_oltre/,"Sembro matta, ma solo così riesco andare oltre",
"I miei suoceri stranieri sono deficienti

Mia moglie è di origine straniera. È nata in un paese molto povero e si è trasferita coi genitori in Italia quando era piccola. Ora è cittadina italiana, laureata e parla perfettamente italiano.

Ma veniamo ora ai suoi genitori (miei suoceri), ormai quasi anziani. Sua mamma parla a malapena l'italiano. Non lavora da 15 anni. Le sue giornate le passa a casa a cucinare per suo marito e a guardare TV e video del suo paese di origine. Suo marito invece lavora tutto il giorno, un lavoro molto semplice e ripetitivo. Arriva a casa la sera, si abbuffa di cibo e dorme. Parla un pochino meglio l'italiano, ma spesso senza coniugare i verbi correttamente. Entrambi sono in Italia da più di 20 anni.

Ma la cosa che più mi stupisce è il loro livello intellettivo e culturale. Non hanno hobby e attività a parte il cucinare e mangiare e fare shopping. Non hanno argomenti di conversazione a parte il prezzo del cibo e delle cose che vogliono comprare. Sua mamma non sa nemmeno leggere e scrivere. Suo papà non ha mai aperto un libro. Su qualsiasi argomento sono ignoranti totali. Anche a livello pratico non sanno fare nulla: sono dovuto intervenire io per fargli sistemare la casa e per comprare l'arredamento. Vivevano in una casa pietosa, con mobili rotti e con le lampadine bruciate. Ho dovuto chiamare io idraulico ed elettricista quando c'è stata la necessità.

Non parliamo poi della burocrazia. Non sanno pagare le bollette e nemmeno l'affitto. Spesso sono stati truffati. Hanno dimenticato di pagare le spese condominiali. Insomma sono un disastro continuo. 

Quando è nato nostro figlio pensavo che ci avrebbero aiutato un pò a tenerlo (mia suocera). Grandissimo errore. Si è scoperto che mia suocera non gli cambiava il pannolino perché non era capace e una volta gli ha storto un ditino mentre lo cambiava. Abbiamo smesso di portargli il piccolo visto che piangeva sempre e sembrava denutrito e raffreddato. Lo abbiamo iscritto al nido.

Infine è subentrata la questione pensione: suo padre è stufo di lavorare e vuole andare in pensione (pensione di anzianità). Non ha infatti pagato il numero minimo di anni di contributi avendo spesso lavorato in nero e quindi l'unica pensione a cui avrà diritto è quella di anzianità (circa 500 euro al mese). Di conseguenza si proporrà il problema: come faranno i due suoceri a mantenersi con soli 500 euro al mese?

Fatico molto a comprendere una simile condotta e la loro totale assenza di pianificazione famigliare e di risoluzione di problemi. Ogni volta siamo io e mia moglie a risolvere i loro problemi o a proporre soluzioni. Senza di noi non sostituirebbero nemmeno le lampadine bruciate.

Mi chiedo come si possa vivere in uno stato di così totale fatalismo e abbandono, e in una situazione di tale ignoranza e povertà culturale. Confesso inoltre di essermi chiesto se tale stupidità possa avere componenti genetiche: mia moglie è intelligente ma ogni volta mi sorge la paura che mio figlio possa aver ereditato qualche caratteristica cognitiva dai nonni...

Per questo ho deciso di scrivere su questo gruppo, nella speranza di ricevere qualche consiglio o di sentire esperienze simili.

Grazie dell'attenzione.",otra,no_menciona,no_se,,,frustracion,4,a_favor,1paorfr,psicologia,https://www.reddit.com/r/psicologia/comments/1paorfr/i_miei_suoceri_stranieri_sono_deficienti/,I miei suoceri stranieri sono deficienti,
"La mia ragazza pensa che io abbia il pene troppo piccolo

Ho bisogno di pareri esterni perché non posso parlarne con i miei amici senza diventare uno zimbello a vita. Io sono M30, lei F29, stiamo insieme da 4 anni e conviviamo da poco. Ieri sera dopo cena eravamo sul divano a cazzeggiare sui reel di instagram. Passa un video di una ricetta di dolci di natale, lei tiene il telefono ma il video va veloce, così le chiedo di darmelo per cercare su internet la ricetta con gli ingredienti (il mio telefono stava in camera e non avevo voglia di alzarmi, ma volevo vedere subito la ricetta in modo tale anche da salvarla).

Dopo che mi passa il telefono, apro chrome e mi trovo davanti la sezione delle schede aperte, ne apro una già su google e, una volta espansa, mi trovo in alto nella ricerca ""venire con pene piccolo ragazzo"" o qualcosa del genere. Allora le giro il telefono verso di lei e rido indicando la scritta. Silenzio, lei non ride, si congela e fa un'espressione strana. Lì allora ho smesso di ridere, insisto un attimo per capire per cosa fosse la ricerca, ma la faccia che aveva parlava da sola. Alla fine ammette che era per lei e che il ""pene piccolo ragazzo"" sarei io

Per dare due numeri e farvi capire il disagio: in erezione sono sui 12cm, ho avuto un po' di paranoie da adolescente dopo che me lo sono misurato per la prima volta, ma ho sempre letto che è circa la media e infatti dopo i primi rapporti soddisfacenti non ho più avuto complessi e anzi ho vissuto la mia sessualità serenamente pensando non avessi nulla di sbagliato. Invece a quanto pare per lei potrebbe esserci un problema.

La mazzata è arrivata quando ho cercato di approfondire chiedendole se non le piacesse tanto farlo con me. Lei, forse per la prima volta onesta al 100% in 4 anni, mi dice che con me gode, sì, ma solo se usiamo anche mani o lingua, cosa che infatti ho sempre fatto per portarla all'orgasmo. Il punto è che con un suo ex riusciva a venire anche soltanto con la penetrazione, e che le manca quella sensazione lì, per quello stava cercando su google se ci sono posizioni particolari o altro per riuscirci anche con me

A quel punto è come se mi fosse caduto il mondo addosso. In 4 anni non ha mai detto mezza parola, abbiamo sempre avuto un'intesa sessuale che credevo ottima, e invece ora scopro che lei fa il paragone con l'ex e che io ne esco sconfitto per una questione di dimensioni.

Mi sento umiliato e inutile. L'idea che lei debba cercare tutorial su internet per venire con me mentre con l'ex fosse una cosa naturale e spontanea mi sta uccidendo dentro e non so cosa pensare

E la cosa che mi manda fuori di testa è che, se non fosse per questo, andrebbe tutto alla grande: mentalmente siamo allineati al 100%, condividiamo lo stesso umorismo e le stesse passioni, vediamo e stiamo progettando di avere un certo tipo di futuro insieme. Per questo mi fa ancora più male scoprire solo ora questa ombra gigante sulla nostra relazione.

Adesso sono qui che scrivo, l'ho fatto anche e soprattutto per sfogarmi ma anche perché non riesco a parlarne con nessuno dal vivo senza sentirmi ridicolo, ma sono comunque a pezzi e non so cosa dovrei fare. Come si può gestire una situazione del genere?",,,no_se,,,,,no_menciona,1paon15,psicologia,https://www.reddit.com/r/psicologia/comments/1paon15/la_mia_ragazza_pensa_che_io_abbia_il_pene_troppo/,La mia ragazza pensa che io abbia il pene troppo piccolo,
"La mia ragazza pensa che io abbia il pene troppo piccolo

Ho bisogno di pareri esterni perché non posso parlarne con i miei amici senza diventare uno zimbello a vita. Io sono M30, lei F29, stiamo insieme da 4 anni e conviviamo da poco. Ieri sera dopo cena eravamo sul divano a cazzeggiare sui reel di instagram. Passa un video di una ricetta di dolci di natale, lei tiene il telefono ma il video va veloce, così le chiedo di darmelo per cercare su internet la ricetta con gli ingredienti (il mio telefono stava in camera e non avevo voglia di alzarmi, ma volevo vedere subito la ricetta in modo tale anche da salvarla).

Dopo che mi passa il telefono, apro chrome e mi trovo davanti la sezione delle schede aperte, ne apro una già su google e, una volta espansa, mi trovo in alto nella ricerca ""venire con pene piccolo ragazzo"" o qualcosa del genere. Allora le giro il telefono verso di lei e rido indicando la scritta. Silenzio, lei non ride, si congela e fa un'espressione strana. Lì allora ho smesso di ridere, insisto un attimo per capire per cosa fosse la ricerca, ma la faccia che aveva parlava da sola. Alla fine ammette che era per lei e che il ""pene piccolo ragazzo"" sarei io

Per dare due numeri e farvi capire il disagio: in erezione sono sui 12cm, ho avuto un po' di paranoie da adolescente dopo che me lo sono misurato per la prima volta, ma ho sempre letto che è circa la media e infatti dopo i primi rapporti soddisfacenti non ho più avuto complessi e anzi ho vissuto la mia sessualità serenamente pensando non avessi nulla di sbagliato. Invece a quanto pare per lei potrebbe esserci un problema.

La mazzata è arrivata quando ho cercato di approfondire chiedendole se non le piacesse tanto farlo con me. Lei, forse per la prima volta onesta al 100% in 4 anni, mi dice che con me gode, sì, ma solo se usiamo anche mani o lingua, cosa che infatti ho sempre fatto per portarla all'orgasmo. Il punto è che con un suo ex riusciva a venire anche soltanto con la penetrazione, e che le manca quella sensazione lì, per quello stava cercando su google se ci sono posizioni particolari o altro per riuscirci anche con me

A quel punto è come se mi fosse caduto il mondo addosso. In 4 anni non ha mai detto mezza parola, abbiamo sempre avuto un'intesa sessuale che credevo ottima, e invece ora scopro che lei fa il paragone con l'ex e che io ne esco sconfitto per una questione di dimensioni.

Mi sento umiliato e inutile. L'idea che lei debba cercare tutorial su internet per venire con me mentre con l'ex fosse una cosa naturale e spontanea mi sta uccidendo dentro e non so cosa pensare

E la cosa che mi manda fuori di testa è che, se non fosse per questo, andrebbe tutto alla grande: mentalmente siamo allineati al 100%, condividiamo lo stesso umorismo e le stesse passioni, vediamo e stiamo progettando di avere un certo tipo di futuro insieme. Per questo mi fa ancora più male scoprire solo ora questa ombra gigante sulla nostra relazione.

Adesso sono qui che scrivo, l'ho fatto anche e soprattutto per sfogarmi ma anche perché non riesco a parlarne con nessuno dal vivo senza sentirmi ridicolo, ma sono comunque a pezzi e non so cosa dovrei fare. Come si può gestire una situazione del genere?Non ho più il ""perché"" della mia vita.

Ciao a tutti,

scrivo perché mi trovo in un momento di confusione profonda e spero che condividere la mia esperienza possa aiutarmi a vedere le cose con più chiarezza.

Ho 30 anni e sono uscito da poco da una relazione durata oltre 10 anni. Durante tutto questo tempo, ogni decisione che ho preso, dalla carriera alle scelte quotidiane, era orientata verso un obiettivo preciso: costruire una famiglia, sposarmi, avere figli. Ogni progetto che immaginavo per il futuro includeva lei.

Ci tengo a precisare che non sono mai stato dipendente dalla relazione: ho sempre coltivato i miei interessi, le mie amicizie e i miei spazi personali. Anche lei ha fatto lo stesso, e questo ha reso il rapporto equilibrato per molto tempo.

Il problema è che ora, da solo, mi ritrovo senza una direzione. Non è che stia male materialmente: ho tutto quello di cui ho bisogno, ho amici, ho stabilità. Ma mi manca lo scopo. Mi chiedo: perché dovrei impegnarmi di più nel lavoro? Quello che guadagno mi basta già. Perché dovrei fare progetti a lungo termine? Per chi, per cosa?

È come se avessi costruito la mia vita attorno a un ""noi"" che non esiste più, e ora fatico a trovare un ""io"" abbastanza forte da darmi motivazione.

Come avete fatto voi a ritrovare uno scopo personale dopo aver perso quello che pensavate fosse il vostro obiettivo principale? C'è un modo per ricostruire una direzione che sia davvero mia, indipendente da chiunque altro?

Grazie a chi vorrà condividere la propria esperienza o un punto di vista.

PS: sto andando in terapia, ma mi piacerebbe avere ulteriori pareri professionali.",terapia,positiva,si,"problemas de relación, baja autoestima, crisis existencial, pérdida de propósito",,tristeza,5,a_favor,1paolbv,psicologia,https://www.reddit.com/r/psicologia/comments/1paolbv/non_ho_più_il_perché_della_mia_vita/,"Non ho più il ""perché"" della mia vita.",
"Il mio umore dipende da quello della mia ragazza, è normale?

M19 Se la mia ragazza è felice, automaticamente sono felice, se la mia ragazza è triste, come in questo periodo per dei motivi, mi sento triste.

Lei non mi scarica nessuna colpa mai, sono io che sono molto empatico nei suoi confronti. È normale questo? È perché la amo tanto?

In questo periodo mi sento molto triste perché lei sta attraversando un brutto periodo per motivi universitari.
Io sento che se la mia ragazza fosse sempre gioiosa e felice io sarei praticamente sempre felice. In questo periodo sento un'ansia dentro, forse perché lei ultimamente si sfoga e racconta i suoi disagi, giustamente poverina cerca aiuto.",otra,no_menciona,no_se,,,tristeza,4,no_menciona,1pao816,psicologia,https://www.reddit.com/r/psicologia/comments/1pao816/il_mio_umore_dipende_da_quello_della_mia_ragazza/,"Il mio umore dipende da quello della mia ragazza, è normale?",
"Cerco uno psicologo

Salve a tutti sono un ragazzo di 13 anni quello della Campania che negli ultimi giorni ha fatto alcuni post… cerco una persona che mi possa aiutare vorrei tanto uscire da questa situazione scusate per il disturbo",terapia,positiva,no,"malestar general, buscar ayuda para una situación difícil",,frustracion,4,a_favor,1pak3tt,psicologia,https://www.reddit.com/r/psicologia/comments/1pak3tt/cerco_uno_psicologo/,Cerco uno psicologo,
"Voglio capire se dovrei cambiare psicologa.

M26 - Buongiono, faccio un piccolo preambolo; da inizio anno non mi sento bene, sono parecchio demotivato e in generale non ho voglia di fare nulla (per intenderci mi sono laureato ma non ho avuto voglia di organizzare la festa e quindi non l'ho fatta), in particolare da appunto dopo la laurea questo sentimento di malessere si è intensificato.

Per cui ho deciso per la prima volta di cominciare un percorso di terapia con questa psicologa che mi è stata consigliata da una mia amica, che anni fa si è trovata in una situazione simile alla mia.

Le prime due sedute sono andate bene, ci siamo conosciuti abbiamo cercato di capire le motivazioni che mi hanno spinto a cominciare il percorso; cioè da quello che ho letto anche in questo sub dovrebbe essere la prassi standard.   
  
La terza e per ora ultima seduta fatta però è stata un mezzo disastro per me, per prima cosa ci sono arrivato parecchio scazzato, in quanto poco prima di andare alla seduta, mi sono quasi menato con un ragazzo in univesità, e quindi sono anche arrivato in ritardo in quando non avevo molta voglia di andarci.  
  
Gli ho spiegato quello che era appena successo gli ho anche chiesto che avrei voluto parlare della mia difficoltà a gestire le emozioni, in quanto tendo a reprimere tanto.  
Ma alla fine abbiamo parlato per tutto il tempo della mia incapacità di predere decisioni (in quanto sto procrastinando l'iscrizione alla magistrale e non sto nemmeno seguendo i corsi) e di come sia troppo dipendente e influenzato da quello che dicono i miei genitori.  
Mi sono sentito uno schifo e preso per il culo, mi sembra di aver buttato 60€ e sinceramente non ho per nulla voglia di tornarci.

Quindi vorrei capire se ha senso continuare il percorso con questa psicologa o cambiare, o magari cambiare anche tipo di percoso magari andando da una psichiatra?",terapia,ambivalente,si,"demotivazione, malessere generale, difficoltà a gestire le emozioni, incapacità di prendere decisioni, dipendenza dai genitori",,frustracion,4,a_favor,1pajskt,psicologia,https://www.reddit.com/r/psicologia/comments/1pajskt/voglio_capire_se_dovrei_cambiare_psicologa/,Voglio capire se dovrei cambiare psicologa.,
"Parliamo di YAVIS

YAVIS (talvolta “Sindrome YAVIS”) è un acronimo che sta per “young, attractive, verbal, intelligent, and successful” (giovane, attraente, verbale, intelligente e di successo). Descrive un gruppo di pazienti che si dice siano preferiti dai professionisti della salute mentale. Si basa sulla percezione che questo gruppo sia, per caratteristiche proprie e senza interventi esterni, in grado di formare una relazione terapeutica più positiva.

https://en.wikipedia.org/wiki/Yavis",opinion_general,neutra,no_se,,,otra,1,no_menciona,1pae10c,psicologia,https://www.reddit.com/r/psicologia/comments/1pae10c/parliamo_di_yavis/,Parliamo di YAVIS,
"Sono davvero sprecato in Italia

Ogni giorno che passa mi rendo conto che sono troppo avanti per questo paese di caproni analfabeti. Me lo dicono spesso i miei amici, e sta diventando sempre più evidente che l'estero è un must. I miei continuano a ribadire la solita storia sui contributi che mi pagano ma io non ci sto più. Perchè farsi il mazzo per avere l'accesso al fantomatico posto fisso solo per continuare a vivere in un paese di vecchi ignoranti? Come insegnante di inglese ho tante opportunità rispetto alle maestrine di italiano, il problema è che non sono madrelingua quindi mi occorre un po' di culo e qualche giusta raccomandazione per trovare posto all'estero. Ma anche quel mondo sta cambiando e sento che già in alcuni paesi dell'Asia permettono anche ai non madrelingua qualificati di lavorare. Il pensiero di restare intrappolato qui e vedere altri che si godono la vita che vorrei mi fa imbestialire. Ho la possibilità di ricominciare in un paese dove essere occidentali ti dà automaticamente uno status superiore e dove la cultura e le donne non sono state indottrinate dal femminismo. Credo che me andrò alla prima opportunità, contributi o no.",otra,no_menciona,no_se,,,frustracion,4,no_menciona,1padp7s,psicologia,https://www.reddit.com/r/psicologia/comments/1padp7s/sono_davvero_sprecato_in_italia/,Sono davvero sprecato in Italia,
"paralisi del sonno al mattino

spesso al mattino se mi sveglio presto per esempio per andare in bagno e uso il telefono e quando torno nel letto sento come se avessi delle paralisi ogni tanto. ho notato che riesco a pensare, a muovere le dita dei piedi però non riesco a aprire gli occhi e a muovere il corpo. aggiungo che quando mi trovo nel letto a volte me lo sento che mi sto bloccando perché sento tipo che la testa diventa leggera. non sempre sento bruciare i fianchi, poi quando riesco a sbloccarmi aprendo gli occhi vedo palloni grigi per pochi secondi. vorrei capire perche succede.
M18",diagnostico,no_menciona,no_se,,,otra,1,no_menciona,1paaxhp,psicologia,https://www.reddit.com/r/psicologia/comments/1paaxhp/paralisi_del_sonno_al_mattino/,paralisi del sonno al mattino,
"Voglio solo morire

M26. Voglio solo morire, scomparire dalla faccia della terra per sempre. Il dolore psicologico è troppo forte, ho provato tutte le cure possibili ma non cambia niente. Non l'ho ancora fatto solo perchè sono un codardo. La vita è, ed è sempre stata un inferno, ho sprecato tempo in una facoltà di cui non mi interessa niente (medicina), non so fare niente oltre questo. Non ho intenzione di ricominciare un'altra facoltà e ho pure speso un sacco di energie in questa ma a finire davvero non ce la faccio. Sono totalmente incapace nei rapporti umani, lentissimo ad imparare qualcosa di nuovo e la mia sintomatologia ansiosa/depressiva è totalmente fuori controllo nonostante abbia iniziato una terapia con l'ennesimo nuovo farmaco. La psicoterapia psicodinamica mi ha aiutato forse in qualche cosa ma rimane il fatto che la faccio da due anni e mezzo e sto attualmente passando il periodo peggiore della mia vita. Mi sto ormai convincendo che niente e nessuno mi può aiutare. Un'ora di psicoterapia sento come se sia un tempo minuscolo, io avrei bisogno di assistenza continua. Attualmente non riesco ad alzarmi dal letto a mangiare e non c'è UNA attività che mi faccia stare meglio o mi calmi. Credo che per me sia finita. Non voglio tornare a quello che facevo prima e il mercato del lavoro è terribile, senza la minima qualifica sarò spacciato, specialmente con uno stato depressivo del genere.",terapia,negativa,si,"dolore psicologico, sintomatologia ansiosa/depressiva, problemi relazionali, mancanza di scopo",,tristeza,5,a_favor,1pa18a3,psicologia,https://www.reddit.com/r/psicologia/comments/1pa18a3/voglio_solo_morire/,Voglio solo morire,
"Come aumentare l'autostima?

Content warning: salute mentale e abusi 

Ciao a tutti, sono 35F, e sto scrivendo per chiedere un consiglio e magari trovare persone con cui confrontarmi. 

A seguito di episodi di bullismo alle elementari e di una situazione in casa non proprio ottimale (mio fratello mi insultava e mi prendeva in giro tutti i giorni, a volte mi faceva anche male fisicamente e aveva comportamenti sessualmente inappropriati) la mia autostima non esiste e questo mi ha distrutto e mi sta distruggendo la vita. La mia famiglia non mi ha mai protetto contro mio fratello, vedendo solo me come quella strana, quella ""sbagliata"", che non è capace di integrarsi a scuola ed è troppo sensibile per tutto. 

Ad oggi ho pochissimi amici (tipo 3) che non vedo mai perché abitiamo lontani, non ho un partner e non ho un lavoro. Sinceramente non so neanche da dove cominciare a rimettermi in piedi, ho provato a fare terapia ma dopo anni non ho risolto molto. Credo che un mattoncino fondamentale sia costruirmi un'autostima, solo che per me è difficilissimo perché sono ipercritica rispetto a qualunque cosa io faccia (atteggiamento che mi è stato trasmesso dalla mia famiglia). In pratica qualunque cosa io faccia penso di averla fatta male o che qualcun altro avrebbe potuto farla meglio 😮‍💨. Quindi più cose provo a fare per dimostrare a me stessa che valgo qualcosa, più la mia autostima diminuisce perché mi sembra di averla fatta male o di non aver gestito la situazione in modo appropriato.

Se avete suggerimenti o se magari volete anche solo parlare un po', mi farebbe piacere :) grazie mille per aver letto ❤️",otra,ambivalente,si,"bassa autostima, bullismo, abusi familiari, difficoltà sociali, ipercriticismo",,tristeza,5,a_favor,1pa0ixi,psicologia,https://www.reddit.com/r/psicologia/comments/1pa0ixi/come_aumentare_lautostima/,Come aumentare l'autostima?,
"Esclamo “voglio dormire” durante la notte

Ciao a tutti. M28.

Spesso durante la notte pronuncio la frase “voglio dormire” a voce alta. Lo ripeto anche 2 o 3 volte e mi giro e rigiro nel letto. Poi mi riaddormento. 

Quando avviene, ho l’impressione di essere sveglio, ma è come se una forza irresistibile mi spingesse a pronunciare tali parole. 
Non è un sogno: sono cosciente mentre lo dico e mi è stato anche confermato dai miei familiari.
A questo si accompagna un frequente bruxismo. Un problema per cui ho preso già misure lato odontoiatrico commissionando un bite al mio dentista di fiducia. 

Aggiungo alcuni dettagli che potrebbero essere utili a capire meglio la situazione. 
Durante gli anni dell’università facevo molte cose. Passavo frequentemente tutta la giornata fuori, aggiungendo spesso 2/3 uscite settimanali. 
Spesso e volentieri dormivo 4/5 ore a notte.
Questo ritmo è stato sostenibile fino a fine triennale (22 anni), poi ho iniziato ad accusare contraccolpi: spossatezza, ridotta capacità di concentrazione, riduzione delle skills sociali. 

Dopo l’università ho svolto per un po’ di tempo un lavoro abbastanza stressante. Anche in questo caso dormivo poco. 

Da un paio d’anni ho ritmi più regolari e anche il ciclo circadiano è più sano, ma comunque sono in un momento d’ansia per varie ragioni. Seguo una dieta equilibrata (elaborata in base alle mie esigenze da un professionista) e faccio sport su base praticamente quotidiana. Sono anche un fumatore abbastanza accanito, purtroppo.

Il fenomeno descritto mi capitava anche in passato, ma ho notato che ultimamente succede con maggiore frequenza. 

Volevo porre informalmente alcune domande, prima di valutare se consultare uno specialista. 

1. È un disturbo del sonno comune? Nessuno dei miei conoscenti vive episodi simili, che io sappia. Pertanto, mi chiedevo se fossi in buona compagnia. 

2. È un disturbo tipizzato in qualche modo dalla psicologia o dalle scienze mediche? Se sì, in che fattispecie rientra? 

3. Potrebbe essere in qualche maniera una reazione psicologica estemporanea alle innumerevoli ore di sonno perse tra i 19 e i 26 anni? 

4. Quali sono, eventualmente, gli strumenti per combatterlo? Devo risolvere il problema alla radice (rimuovere la fonte d’ansia) o ci sono metodi per risolvere il problema in quanto tale? 

5. Per agevolare il sonno, faccio uso di melatonina (dosaggio minimo). Potrebbe esserci una correlazione? 

6. Quali altri aspetti potrei monitorare oltre a stato d’animo (ansia/stress), vizi, alimentazione e ciclo del sonno?",diagnostico,positiva,no,"disturbo del sonno, ansia, bruxismo",,ansiedad,4,a_favor,1pa09g2,psicologia,https://www.reddit.com/r/psicologia/comments/1pa09g2/esclamo_voglio_dormire_durante_la_notte/,Esclamo “voglio dormire” durante la notte,
"Continuo a fare lo stesso sogno

F30. Buonasera a tutti... Vorrei chiedere così un parere, tanto per parlare. Circa un anno e mezzo fa mi sono lasciata con il mio ultimo ragazzo, in malo modo, ma molto. Nonostante sia passato del tempo continuo a sognarmelo, ma quasi lo stesso sogno, del tipo che lui mi cerca perché mi vuole ecc poi però scopro che è fidanzato/convive con un'altra e nel sogno mi arrabbio tantissimo ecc  ma voglio anche aggiungere che non ci sono state corna durante la relazione (di sei mesi, si molto breve) ma venni a scoprire che poco dopo che ci lasciammo lui già si frequentava con ""l'attuale ragazza"". (Avendolo bloccato ovunque non so ora dove sia con chi e perché). Non c'è la faccio davvero più, delle volte è davvero esasperante come cosa.",otra,no_menciona,no_se,,,frustracion,4,no_menciona,1p9zqge,psicologia,https://www.reddit.com/r/psicologia/comments/1p9zqge/continuo_a_fare_lo_stesso_sogno/,Continuo a fare lo stesso sogno,
"non riesco a masturbarmi vicino al mio ragazzo

ciao, ho 17 anni e non riesco a masturbarmi vicino al mio ragazzo. io e lui facciamo sesso da un anno e se lui mi chiede di toccarmi vicino a lui mi vergogno e divento timida, come se lui non conoscesse il mio corpo e le mie dita. mi dovrei sentire in colpa? - storia anonima",otra,no_menciona,no_se,,,frustracion,3,no_menciona,1p9yfd7,psicologia,https://www.reddit.com/r/psicologia/comments/1p9yfd7/non_riesco_a_masturbarmi_vicino_al_mio_ragazzo/,non riesco a masturbarmi vicino al mio ragazzo,
"mio marito vuole un rapporto aperto

ciao, io e mio marito abbiamo iniziato quasi subito a fare sesso insieme, fin quando poi non abbiamo avuto i figli e da li abbiamo smesso un po. dopo 4 anni, l'intimità si è riaccesa, quasi ogni sera facevamo l'amore. l'altro giorno, dopo 3 anni, che si è riaccesa la magia, mi ha chiesto ""amore, stavo pensando, ma se aprissimo tinder e cerchiamo una ragazza per fare sesso a tre"". allora, un po sono contraria, ma non lo so. vorrei provare a fare sesso anche con le donne e vedere cosa succede. ma ho paura che lui si possa innamorare di lei. F39 - storia anonima",,,no_se,,,,,no_menciona,1p9ye69,psicologia,https://www.reddit.com/r/psicologia/comments/1p9ye69/mio_marito_vuole_un_rapporto_aperto/,mio marito vuole un rapporto aperto,
"L' ""empatia"" di mia madre

F33. Mia madre sostiene di essere sempre stata presente emotivamente con me. Bene. Stasera (premessa: la discussione è partita da lei, non da me, io stavo mangiando in santa pace), dopo che le ho detto ""tu, da 20 anni, fai la finta comprensiva chiedendomi come sto, per poi permetterti di sminuire come mi sento nel momento in cui provo ad aprirmi. Come pretendi che una si apra con te se i presupposti sono questi?"". Mi risponde ""e che avrai mai (che ti fa stare tanto male)..."". Come volevasi dimostrare...

Perché tanto il mio mondo interiore non conta un cazzo. I miei sentimenti, le mie emozioni e le mie scelte non contano un cazzo e sono sempre sbagliate perché non sono come lei le vorrebbe. Perché lei ""ha le antenne"" e capisce le situazioni meglio degli altri solo perché ha dei sentori (?) e allora sarebbe automaticamente in diritto di giudicare quello che provo e quello che faccio. A tutto questo ho sempre risposto con un sonoro ""sticazzi"" e ho sempre continuato per la mia strada. Però è innegabile che continui a farmi stare male e mi faccia incazzare da morire ogni volta che succede (per fortuna meno spesso rispetto a qualche anno fa).

Questa è l'empatia di mia madre.

Ovviamente le ho detto che è una stronza e che se deve chiedermi come sto solo per farmi la morale la prossima volta può anche tapparsi la bocca (con conseguente atteggiamento saccente da parte sua di chi ne sa di più di te).",,,no_se,,,,,no_menciona,1p9y9d7,psicologia,https://www.reddit.com/r/psicologia/comments/1p9y9d7/l_empatia_di_mia_madre/,"L' ""empatia"" di mia madre",
"Problemi nel controllo

Ciao a tutti, sono M38 volevo un parere o una mano sul capire cpme superare la.paura di perdere il controllo perche piu vadp avanti piu lo trovp cpme un limite che mi distrugge....",,,no_se,,,,,no_menciona,1p9x9c8,psicologia,https://www.reddit.com/r/psicologia/comments/1p9x9c8/problemi_nel_controllo/,Problemi nel controllo,
